,date,code,open,high,low,close,preclose,volume,amount,adjustflag,turn,tradestatus,pctChg,peTTM,pbMRQ,psTTM,pcfNcfTTM,isST
0,2020-01-02,sh.601398,5.6268179200,5.7313702800,5.6173131600,5.6743417200,5.5887988800,234949397,1404442753.0000,2,0.087100,1,1.530600,6.868990,0.879641,2.521993,3.838070,0
1,2020-01-03,sh.601398,5.6743417200,5.7218655200,5.6648369600,5.6933512400,5.6743417200,152213047,911951562.0000,2,0.056500,1,0.335000,6.892002,0.882588,2.530442,3.850928,0
2,2020-01-06,sh.601398,5.6648369600,5.7503798000,5.6553322000,5.6743417200,5.6933512400,226509705,1359917424.0000,2,0.084000,1,-0.333900,6.868990,0.879641,2.521993,3.838070,0
3,2020-01-07,sh.601398,5.6838464800,5.7408750400,5.6838464800,5.7123607600,5.6743417200,116804353,701615827.0000,2,0.043300,1,0.670000,6.915014,0.885535,2.538891,3.863786,0
4,2020-01-08,sh.601398,5.6648369600,5.6743417200,5.6078084000,5.6173131600,5.7123607600,158559090,940552725.0000,2,0.058800,1,-1.663900,6.799955,0.870801,2.496647,3.799496,0
5,2020-01-09,sh.601398,5.6553322000,5.6648369600,5.5887988800,5.6173131600,5.6173131600,137713429,813806686.0000,2,0.051100,1,0.000000,6.799955,0.870801,2.496647,3.799496,0
6,2020-01-10,sh.601398,5.6173131600,5.6363226800,5.5697893600,5.6173131600,5.6173131600,97837773,576580178.0000,2,0.036300,1,0.000000,6.799955,0.870801,2.496647,3.799496,0
7,2020-01-13,sh.601398,5.6078084000,5.6363226800,5.5792941200,5.6363226800,5.6173131600,108991003,642791834.0000,2,0.040400,1,0.338400,6.822967,0.873748,2.505096,3.812354,0
8,2020-01-14,sh.601398,5.6268179200,5.6648369600,5.6173131600,5.6458274400,5.6363226800,136770059,812389848.0000,2,0.050700,1,0.168600,6.834473,0.875221,2.509320,3.818783,0
9,2020-01-15,sh.601398,5.6363226800,5.6458274400,5.5792941200,5.5887988800,5.6458274400,128890756,759512875.0000,2,0.047800,1,-1.010100,6.765438,0.866381,2.483973,3.780210,0
10,2020-01-16,sh.601398,5.5792941200,5.5983036400,5.5032560400,5.5127608000,5.5887988800,269031344,1572007903.0000,2,0.099800,1,-1.360500,6.673391,0.854593,2.450178,3.728778,0
11,2020-01-17,sh.601398,5.5222655600,5.5507798400,5.5127608000,5.5317703200,5.5127608000,103949027,605076653.0000,2,0.038600,1,0.344800,6.696403,0.857540,2.458627,3.741636,0
12,2020-01-20,sh.601398,5.5222655600,5.5697893600,5.5127608000,5.5507798400,5.5317703200,103339962,602786615.0000,2,0.038300,1,0.343600,6.719414,0.860487,2.467076,3.754494,0
13,2020-01-21,sh.601398,5.5317703200,5.5412750800,5.4747417600,5.4842465200,5.5507798400,143223669,828268482.0000,2,0.053100,1,-1.198600,6.638874,0.850173,2.437505,3.709491,0
14,2020-01-22,sh.601398,5.4747417600,5.5032560400,5.4272179600,5.5032560400,5.4842465200,128370788,738870049.0000,2,0.047600,1,0.346600,6.661885,0.853120,2.445953,3.722349,0
15,2020-01-23,sh.601398,5.4747417600,5.4937512800,5.4177132000,5.4367227200,5.5032560400,200037655,1146238550.0000,2,0.074200,1,-1.209000,6.581344,0.842806,2.416382,3.677347,0
16,2020-02-03,sh.601398,5.0375228000,5.3036560800,5.0375228000,5.1515799200,5.4367227200,468039904,2524272183.0000,2,0.173600,1,-5.244800,6.236169,0.798602,2.289649,3.484479,0
17,2020-02-04,sh.601398,5.1230656400,5.2561322800,5.0945513600,5.2276180000,5.1515799200,401385264,2178867252.0000,2,0.148900,1,1.476000,6.328216,0.810390,2.323445,3.535910,0
18,2020-02-05,sh.601398,5.2181132400,5.2466275200,5.1515799200,5.2181132400,5.2276180000,250853805,1374458723.0000,2,0.093000,1,-0.181800,6.316710,0.808917,2.319220,3.529481,0
19,2020-02-06,sh.601398,5.2276180000,5.2561322800,5.1705894400,5.2276180000,5.2181132400,280995424,1538957671.0000,2,0.104200,1,0.182200,6.328216,0.810390,2.323445,3.535910,0
20,2020-02-07,sh.601398,5.1991037200,5.1991037200,5.1325704000,5.1705894400,5.2276180000,237318996,1288428158.0000,2,0.088000,1,-1.090900,6.259181,0.801549,2.298098,3.497337,0
21,2020-02-10,sh.601398,5.1420751600,5.1610846800,5.1135608800,5.1515799200,5.1705894400,190238633,1027646561.0000,2,0.070600,1,-0.367600,6.236169,0.798602,2.289649,3.484479,0
22,2020-02-11,sh.601398,5.1610846800,5.1991037200,5.1420751600,5.1895989600,5.1515799200,198498450,1081002724.0000,2,0.073600,1,0.738000,6.282192,0.804496,2.306547,3.510195,0
23,2020-02-12,sh.601398,5.1895989600,5.1991037200,5.1515799200,5.1895989600,5.1895989600,203914433,1109148701.0000,2,0.075600,1,0.000000,6.282192,0.804496,2.306547,3.510195,0
24,2020-02-13,sh.601398,5.1800942000,5.1800942000,5.1325704000,5.1420751600,5.1895989600,199565762,1082005691.0000,2,0.074000,1,-0.915800,6.224663,0.797129,2.285425,3.478050,0
25,2020-02-14,sh.601398,5.1325704000,5.1705894400,5.1230656400,5.1610846800,5.1420751600,141576448,767126663.0000,2,0.052500,1,0.369700,6.247675,0.800076,2.293873,3.490908,0
26,2020-02-17,sh.601398,5.1515799200,5.2181132400,5.1420751600,5.2181132400,5.1610846800,214194906,1169117310.0000,2,0.079400,1,1.105000,6.316710,0.808917,2.319220,3.529481,0
27,2020-02-18,sh.601398,5.1991037200,5.2086084800,5.1705894400,5.1895989600,5.2181132400,184542440,1007061194.0000,2,0.068400,1,-0.546400,6.282192,0.804496,2.306547,3.510195,0
28,2020-02-19,sh.601398,5.1800942000,5.2276180000,5.1800942000,5.2086084800,5.1895989600,204052382,1115986859.0000,2,0.075700,1,0.366300,6.282192,0.804496,2.306547,3.510195,0
29,2020-02-20,sh.601398,5.2086084800,5.2466275200,5.1705894400,5.2371227600,5.2086084800,283668096,1552477582.0000,2,0.105200,1,0.547400,6.339722,0.811863,2.327669,3.542339,0
30,2020-02-21,sh.601398,5.2181132400,5.2466275200,5.1991037200,5.2181132400,5.2371227600,223710293,1228187059.0000,2,0.083000,1,-0.363000,6.316710,0.808917,2.319220,3.529481,0
31,2020-02-24,sh.601398,5.2086084800,5.2181132400,5.1610846800,5.1705894400,5.2181132400,193329190,1053685893.0000,2,0.071700,1,-0.910700,6.259181,0.801549,2.298098,3.497337,0
32,2020-02-25,sh.601398,5.1325704000,5.1515799200,5.1230656400,5.1420751600,5.1705894400,230133275,1243466243.0000,2,0.085400,1,-0.551500,6.224663,0.797129,2.285425,3.478050,0
33,2020-02-26,sh.601398,5.1135608800,5.1705894400,5.0945513600,5.1420751600,5.1420751600,257968813,1393315557.0000,2,0.095700,1,0.000000,6.224663,0.797129,2.285425,3.478050,0
34,2020-02-27,sh.601398,5.1325704000,5.1515799200,5.1230656400,5.1325704000,5.1420751600,222555623,1202215361.0000,2,0.082500,1,-0.184800,6.213157,0.795656,2.281200,3.471621,0
35,2020-02-28,sh.601398,5.1040561200,5.1135608800,5.0185132800,5.0375228000,5.1325704000,422937152,2256218764.0000,2,0.156900,1,-1.851800,6.098099,0.780921,2.238956,3.407332,0
36,2020-03-02,sh.601398,5.0375228000,5.0945513600,5.0280180400,5.0945513600,5.0375228000,239902317,1279829481.0000,2,0.089000,1,1.132100,6.167134,0.789762,2.264302,3.445905,0
37,2020-03-03,sh.601398,5.1040561200,5.1325704000,5.0850466000,5.1135608800,5.0945513600,255403193,1374004536.0000,2,0.094700,1,0.373100,6.190146,0.792709,2.272751,3.458763,0
38,2020-03-04,sh.601398,5.1040561200,5.1230656400,5.0945513600,5.1230656400,5.1135608800,134281589,721906815.0000,2,0.049800,1,0.185900,6.201651,0.794182,2.276976,3.465192,0
39,2020-03-05,sh.601398,5.1325704000,5.1895989600,5.1135608800,5.1895989600,5.1230656400,330539760,1794965702.0000,2,0.122600,1,1.298700,6.282192,0.804496,2.306547,3.510195,0
40,2020-03-06,sh.601398,5.1515799200,5.1610846800,5.1230656400,5.1420751600,5.1895989600,195949873,1059304456.0000,2,0.072700,1,-0.915800,6.224663,0.797129,2.285425,3.478050,0
41,2020-03-09,sh.601398,5.0755418400,5.0850466000,5.0375228000,5.0470275600,5.1420751600,288062032,1532677429.0000,2,0.106800,1,-1.848400,6.109605,0.782395,2.243180,3.413761,0
42,2020-03-10,sh.601398,5.0280180400,5.1040561200,5.0280180400,5.0945513600,5.0470275600,250820767,1336201306.0000,2,0.093000,1,0.941600,6.167134,0.789762,2.264302,3.445905,0
43,2020-03-11,sh.601398,5.0850466000,5.1040561200,5.0565323200,5.0565323200,5.0945513600,169406955,904475654.0000,2,0.062800,1,-0.746300,6.121110,0.783868,2.247405,3.420190,0
44,2020-03-12,sh.601398,5.0375228000,5.0565323200,5.0090085200,5.0280180400,5.0565323200,246296488,1303003586.0000,2,0.091400,1,-0.563900,6.086593,0.779448,2.234731,3.400903,0
45,2020-03-13,sh.601398,4.9044561600,5.0090085200,4.8759418800,4.9614847200,5.0280180400,299724112,1553653695.0000,2,0.111200,1,-1.323300,6.006052,0.769134,2.205160,3.355900,0
46,2020-03-16,sh.601398,4.9614847200,5.0280180400,4.8854466400,4.9139609200,4.9614847200,304466304,1586443700.0000,2,0.112900,1,-0.957800,5.948523,0.761767,2.184038,3.323756,0
47,2020-03-17,sh.601398,4.9044561600,4.9709894800,4.8664371200,4.9139609200,4.9139609200,257712932,1329255603.0000,2,0.095600,1,0.000000,5.948523,0.761767,2.184038,3.323756,0
48,2020-03-18,sh.601398,4.9234656800,4.9424752000,4.8569323600,4.8569323600,4.9139609200,202506811,1045181428.0000,2,0.075100,1,-1.160500,5.879488,0.752926,2.158691,3.285182,0
49,2020-03-19,sh.601398,4.8569323600,4.8664371200,4.6858466800,4.7428752400,4.8569323600,289884976,1452206739.0000,2,0.107500,1,-2.348300,5.741417,0.735245,2.107998,3.208035,0
50,2020-03-20,sh.601398,4.7713895200,4.8569323600,4.7523800000,4.8284180800,4.7428752400,212513611,1073508058.0000,2,0.078800,1,1.803600,5.844970,0.748506,2.146018,3.265895,0
51,2020-03-23,sh.601398,4.7523800000,4.7808942800,4.7333704800,4.7428752400,4.8284180800,139989311,699169083.0000,2,0.051900,1,-1.771700,5.741417,0.735245,2.107998,3.208035,0
52,2020-03-24,sh.601398,4.7713895200,4.8664371200,4.7713895200,4.8664371200,4.7428752400,230331606,1166514215.0000,2,0.085400,1,2.605200,5.890994,0.754399,2.162916,3.291611,0
53,2020-03-25,sh.601398,4.9139609200,4.9234656800,4.8474276000,4.9234656800,4.8664371200,232178619,1195478388.0000,2,0.086100,1,1.171900,5.960029,0.763240,2.188262,3.330185,0
54,2020-03-26,sh.601398,4.8759418800,4.9614847200,4.8569323600,4.9234656800,4.9234656800,155612848,805142973.0000,2,0.057700,1,0.000000,5.960029,0.763240,2.188262,3.330185,0
55,2020-03-27,sh.601398,4.9519799600,4.9899990000,4.9234656800,4.9519799600,4.9234656800,172736492,901046977.0000,2,0.064100,1,0.579200,5.994546,0.767660,2.200936,3.349471,0
56,2020-03-30,sh.601398,4.9234656800,4.9804942400,4.8949514000,4.9614847200,4.9519799600,195388477,1016609263.0000,2,0.072500,1,0.191900,5.958673,0.753198,2.175537,-31.474212,0
57,2020-03-31,sh.601398,4.9614847200,4.9804942400,4.8664371200,4.8949514000,4.9614847200,176103197,912323378.0000,2,0.065300,1,-1.341000,5.878767,0.743098,2.146363,-31.052144,0
58,2020-04-01,sh.601398,4.8949514000,4.9329704400,4.8759418800,4.9044561600,4.8949514000,101858447,525623743.0000,2,0.037800,1,0.194200,5.890182,0.744541,2.150531,-31.112439,0
59,2020-04-02,sh.601398,4.8854466400,4.9329704400,4.8569323600,4.9329704400,4.9044561600,122885637,632366527.0000,2,0.045600,1,0.581400,5.924428,0.748870,2.163034,-31.293326,0
60,2020-04-03,sh.601398,4.9044561600,4.9234656800,4.8664371200,4.8854466400,4.9329704400,109604624,564119678.0000,2,0.040700,1,-0.963400,5.867352,0.741655,2.142195,-30.991848,0
61,2020-04-07,sh.601398,4.9234656800,4.9329704400,4.8759418800,4.9044561600,4.8854466400,170301628,878022933.0000,2,0.063200,1,0.389100,5.890182,0.744541,2.150531,-31.112439,0
62,2020-04-08,sh.601398,4.8854466400,4.8949514000,4.8664371200,4.8854466400,4.9044561600,103474315,531023692.0000,2,0.038400,1,-0.387600,5.867352,0.741655,2.142195,-30.991848,0
63,2020-04-09,sh.601398,4.8854466400,4.8949514000,4.8664371200,4.8759418800,4.8854466400,73582092,377790164.0000,2,0.027300,1,-0.194500,5.855937,0.740212,2.138027,-30.931553,0
64,2020-04-10,sh.601398,4.8759418800,4.8854466400,4.8474276000,4.8569323600,4.8759418800,97806890,500477715.0000,2,0.036300,1,-0.389900,5.833107,0.737326,2.129692,-30.810962,0
65,2020-04-13,sh.601398,4.8474276000,4.8759418800,4.8379228400,4.8474276000,4.8569323600,85508709,436405778.0000,2,0.031700,1,-0.195700,5.821692,0.735883,2.125524,-30.750667,0
66,2020-04-14,sh.601398,4.8569323600,4.8759418800,4.8474276000,4.8664371200,4.8474276000,88321771,451932583.0000,2,0.032800,1,0.392200,5.844522,0.738769,2.133860,-30.871258,0
67,2020-04-15,sh.601398,4.8569323600,4.8759418800,4.8474276000,4.8759418800,4.8664371200,94603541,484407191.0000,2,0.035100,1,0.195300,5.855937,0.740212,2.138027,-30.931553,0
68,2020-04-16,sh.601398,4.8569323600,4.8759418800,4.8474276000,4.8664371200,4.8759418800,70063172,358394225.0000,2,0.026000,1,-0.194900,5.844522,0.738769,2.133860,-30.871258,0
69,2020-04-17,sh.601398,4.8759418800,4.9139609200,4.8569323600,4.8949514000,4.8664371200,138244872,710819554.0000,2,0.051300,1,0.585900,5.878767,0.743098,2.146363,-31.052144,0
70,2020-04-20,sh.601398,4.8854466400,4.8949514000,4.8664371200,4.8664371200,4.8949514000,103808722,532094032.0000,2,0.038500,1,-0.582500,5.844522,0.738769,2.133860,-30.871258,0
71,2020-04-21,sh.601398,4.8569323600,4.8664371200,4.8189133200,4.8284180800,4.8664371200,117604888,598287912.0000,2,0.043600,1,-0.781200,5.798862,0.732998,2.117189,-30.630076,0
72,2020-04-22,sh.601398,4.8189133200,4.8474276000,4.7999038000,4.8379228400,4.8284180800,87658356,445105983.0000,2,0.032500,1,0.196900,5.810277,0.734441,2.121357,-30.690371,0
73,2020-04-23,sh.601398,4.8379228400,4.8379228400,4.7999038000,4.8189133200,4.8379228400,103342243,523778033.0000,2,0.038300,1,-0.392900,5.787447,0.731555,2.113021,-30.569780,0
74,2020-04-24,sh.601398,4.8094085600,4.8189133200,4.7903990400,4.7999038000,4.8189133200,68795221,347600182.0000,2,0.025500,1,-0.394500,5.764616,0.728669,2.104686,-30.449190,0
75,2020-04-27,sh.601398,4.7999038000,4.8569323600,4.7999038000,4.8379228400,4.7999038000,117299682,596976653.0000,2,0.043500,1,0.792100,5.810277,0.734441,2.121357,-30.690371,0
76,2020-04-28,sh.601398,4.8379228400,4.8664371200,4.7903990400,4.8569323600,4.8379228400,150513612,766309872.0000,2,0.055800,1,0.392900,5.833107,0.737326,2.129692,-30.810962,0
77,2020-04-29,sh.601398,4.8474276000,4.8949514000,4.8284180800,4.8949514000,4.8569323600,121079635,621183010.0000,2,0.044900,1,0.782800,5.832273,0.717628,2.167967,2.475387,0
78,2020-04-30,sh.601398,4.8949514000,4.9234656800,4.8854466400,4.9139609200,4.8949514000,104063910,537925254.0000,2,0.038600,1,0.388300,5.854923,0.720415,2.176387,2.485000,0
79,2020-05-06,sh.601398,4.8664371200,4.8664371200,4.8284180800,4.8569323600,4.9139609200,162061217,826750780.0000,2,0.060100,1,-1.160500,5.786974,0.712054,2.151129,2.456161,0
80,2020-05-07,sh.601398,4.8474276000,4.8569323600,4.8379228400,4.8474276000,4.8569323600,78898187,402339514.0000,2,0.029300,1,-0.195700,5.775649,0.710661,2.146919,2.451354,0
81,2020-05-08,sh.601398,4.8474276000,4.8664371200,4.8379228400,4.8474276000,4.8474276000,114827797,586300547.0000,2,0.042600,1,0.000000,5.775649,0.710661,2.146919,2.451354,0
82,2020-05-11,sh.601398,4.8569323600,4.8854466400,4.8474276000,4.8854466400,4.8474276000,113051885,579421726.0000,2,0.041900,1,0.784300,5.820948,0.716235,2.163758,2.470581,0
83,2020-05-12,sh.601398,4.8759418800,4.8949514000,4.8569323600,4.8759418800,4.8854466400,101632081,521289496.0000,2,0.037700,1,-0.194500,5.809624,0.714841,2.159548,2.465774,0
84,2020-05-13,sh.601398,4.8664371200,4.8759418800,4.8569323600,4.8759418800,4.8759418800,55628021,284796153.0000,2,0.020600,1,0.000000,5.809624,0.714841,2.159548,2.465774,0
85,2020-05-14,sh.601398,4.8664371200,4.8759418800,4.8379228400,4.8474276000,4.8759418800,81152500,414442713.0000,2,0.030100,1,-0.584800,5.775649,0.710661,2.146919,2.451354,0
86,2020-05-15,sh.601398,4.8474276000,4.8664371200,4.8284180800,4.8379228400,4.8474276000,95906130,488458006.0000,2,0.035600,1,-0.196100,5.764324,0.709267,2.142709,2.446548,0
87,2020-05-18,sh.601398,4.8379228400,4.8474276000,4.8189133200,4.8474276000,4.8379228400,93617881,476194382.0000,2,0.034700,1,0.196500,5.775649,0.710661,2.146919,2.451354,0
88,2020-05-19,sh.601398,4.8664371200,4.8759418800,4.8474276000,4.8664371200,4.8474276000,136180096,696256254.0000,2,0.050500,1,0.392200,5.798299,0.713448,2.155338,2.460968,0
89,2020-05-20,sh.601398,4.8569323600,4.8664371200,4.8474276000,4.8664371200,4.8664371200,86764868,443325188.0000,2,0.032200,1,0.000000,5.798299,0.713448,2.155338,2.460968,0
90,2020-05-21,sh.601398,4.8664371200,4.8759418800,4.8474276000,4.8474276000,4.8664371200,81003105,414491659.0000,2,0.030000,1,-0.390600,5.775649,0.710661,2.146919,2.451354,0
91,2020-05-22,sh.601398,4.8474276000,4.8569323600,4.7999038000,4.7999038000,4.8474276000,143377084,727859693.0000,2,0.053200,1,-0.980400,5.719025,0.703693,2.125871,2.427321,0
92,2020-05-25,sh.601398,4.8094085600,4.8474276000,4.7903990400,4.8379228400,4.7999038000,105506493,535413169.0000,2,0.039100,1,0.792100,5.764324,0.709267,2.142709,2.446548,0
93,2020-05-26,sh.601398,4.8474276000,4.8569323600,4.8284180800,4.8284180800,4.8379228400,92522125,471204943.0000,2,0.034300,1,-0.196500,5.753000,0.707874,2.138500,2.441741,0
94,2020-05-27,sh.601398,4.8284180800,4.8759418800,4.8284180800,4.8664371200,4.8284180800,119594005,611685990.0000,2,0.044400,1,0.787400,5.798299,0.713448,2.155338,2.460968,0
95,2020-05-28,sh.601398,4.8664371200,4.9234656800,4.8664371200,4.9139609200,4.8664371200,145728739,751332007.0000,2,0.054100,1,0.976600,5.854923,0.720415,2.176387,2.485000,0
96,2020-05-29,sh.601398,4.8854466400,4.8949514000,4.8474276000,4.8664371200,4.9139609200,125761411,644333222.0000,2,0.046600,1,-0.967100,5.798299,0.713448,2.155338,2.460968,0
97,2020-06-01,sh.601398,4.8759418800,4.9044561600,4.8664371200,4.9044561600,4.8664371200,105007887,540140879.0000,2,0.038900,1,0.781200,5.843598,0.719021,2.172177,2.480194,0
98,2020-06-02,sh.601398,4.8949514000,4.9329704400,4.8759418800,4.9329704400,4.9044561600,152829199,788749046.0000,2,0.056700,1,0.581400,5.877573,0.723202,2.184806,2.494614,0
99,2020-06-03,sh.601398,4.9424752000,4.9804942400,4.9234656800,4.9329704400,4.9329704400,134546779,700101340.0000,2,0.049900,1,0.000000,5.877573,0.723202,2.184806,2.494614,0
100,2020-06-04,sh.601398,4.9424752000,4.9519799600,4.9139609200,4.9234656800,4.9329704400,76394115,396059493.0000,2,0.028300,1,-0.192700,5.866248,0.721808,2.180596,2.489807,0
101,2020-06-05,sh.601398,4.9329704400,4.9614847200,4.9044561600,4.9519799600,4.9234656800,109865757,569906514.0000,2,0.040700,1,0.579200,5.900222,0.725989,2.193225,2.504227,0
102,2020-06-08,sh.601398,4.9614847200,4.9995037600,4.9424752000,4.9804942400,4.9519799600,170929414,894672989.0000,2,0.063400,1,0.575800,5.934197,0.730169,2.205854,2.518646,0
103,2020-06-09,sh.601398,4.9804942400,5.0185132800,4.9709894800,4.9995037600,4.9804942400,118676521,624176016.0000,2,0.044000,1,0.381700,5.956846,0.732956,2.214273,2.528260,0
104,2020-06-10,sh.601398,5.0090085200,5.0185132800,4.9899990000,5.0090085200,4.9995037600,130116167,685774219.0000,2,0.048300,1,0.190100,5.968171,0.734349,2.218483,2.533066,0
105,2020-06-11,sh.601398,5.0090085200,5.0375228000,4.9804942400,5.0090085200,5.0090085200,201954547,1065079808.0000,2,0.074900,1,0.000000,5.968171,0.734349,2.218483,2.533066,0
106,2020-06-12,sh.601398,4.9709894800,5.0565323200,4.9424752000,4.9614847200,5.0090085200,379726032,2002673521.0000,2,0.140800,1,-0.948800,5.911547,0.727382,2.197435,2.509033,0
107,2020-06-15,sh.601398,4.9804942400,5.0470275600,4.9709894800,4.9804942400,4.9614847200,216077601,1137899837.0000,2,0.080100,1,0.383100,5.934197,0.730169,2.205854,2.518646,0
108,2020-06-16,sh.601398,5.0090085200,5.0470275600,4.9995037600,5.0375228000,4.9804942400,123037983,650847977.0000,2,0.045600,1,1.145000,6.002145,0.738530,2.231112,2.547486,0
109,2020-06-17,sh.601398,5.0185132800,5.0375228000,4.9899990000,4.9995037600,5.0375228000,87984468,463475830.0000,2,0.032600,1,-0.754700,5.956846,0.732956,2.214273,2.528260,0
110,2020-06-18,sh.601398,4.9424752000,4.9614847200,4.9044561600,4.9329704400,4.9995037600,210965506,1095065086.0000,2,0.078200,1,-1.330800,5.877573,0.723202,2.184806,2.494614,0
111,2020-06-19,sh.601398,4.9234656800,4.9519799600,4.8949514000,4.9424752000,4.9329704400,198605088,1029454851.0000,2,0.073700,1,0.192700,5.888897,0.724595,2.189016,2.499420,0
112,2020-06-22,sh.601398,4.9424752000,4.9614847200,4.9044561600,4.9044561600,4.9424752000,156983957,814365099.0000,2,0.058200,1,-0.769200,5.843598,0.719021,2.172177,2.480194,0
113,2020-06-23,sh.601398,4.9044561600,4.9044561600,4.8664371200,4.8854466400,4.9044561600,179893542,924358314.0000,2,0.066700,1,-0.387600,5.820948,0.716235,2.163758,2.470581,0
114,2020-06-24,sh.601398,4.8949514000,4.9804942400,4.8854466400,4.9614847200,4.8854466400,194172776,1008333086.0000,2,0.072000,1,1.556400,5.911547,0.727382,2.197435,2.509033,0
115,2020-06-29,sh.601398,5.0185132800,5.0470275600,4.9424752000,4.9899990000,4.9614847200,300096304,1574885416.0000,2,0.111300,1,0.574700,5.945521,0.731563,2.210064,2.523453,0
116,2020-06-30,sh.601398,5.0000000000,5.0300000000,4.9600000000,4.9800000000,4.9900000000,213559908,1064429272.0000,2,0.079200,1,-0.200400,5.639752,0.693939,2.096403,2.393675,0
117,2020-07-01,sh.601398,4.9800000000,4.9900000000,4.9200000000,4.9900000000,4.9800000000,195342430,968080285.0000,2,0.072500,1,0.200800,5.651076,0.695333,2.100613,2.398482,0
118,2020-07-02,sh.601398,4.9800000000,5.0700000000,4.9600000000,5.0600000000,4.9900000000,333639504,1672846064.0000,2,0.123700,1,1.402800,5.730350,0.705087,2.130081,2.432128,0
119,2020-07-03,sh.601398,5.0600000000,5.1800000000,5.0600000000,5.1600000000,5.0600000000,349460784,1791281772.0000,2,0.129600,1,1.976300,5.843598,0.719021,2.172177,2.480194,0
120,2020-07-06,sh.601398,5.2000000000,5.6100000000,5.1900000000,5.6000000000,5.1600000000,746359632,4044172401.0000,2,0.276800,1,8.527100,6.341889,0.780333,2.357401,2.691683,0
121,2020-07-07,sh.601398,5.6700000000,5.8500000000,5.5600000000,5.5600000000,5.6000000000,622456480,3518396225.0000,2,0.230900,1,-0.714300,6.296590,0.774760,2.340563,2.672457,0
122,2020-07-08,sh.601398,5.5200000000,5.5900000000,5.3800000000,5.4700000000,5.5600000000,613051056,3357353297.0000,2,0.227400,1,-1.618700,6.194667,0.762218,2.302676,2.629198,0
123,2020-07-09,sh.601398,5.4300000000,5.4500000000,5.3500000000,5.3800000000,5.4700000000,569342048,3064469064.0000,2,0.211200,1,-1.645300,6.092744,0.749677,2.264789,2.585939,0
124,2020-07-10,sh.601398,5.3600000000,5.3700000000,5.2000000000,5.2200000000,5.3800000000,626079328,3302585366.0000,2,0.232200,1,-2.974000,5.911547,0.727382,2.197435,2.509033,0
125,2020-07-13,sh.601398,5.2000000000,5.2500000000,5.1600000000,5.2100000000,5.2200000000,608928416,3167529369.0000,2,0.225900,1,-0.191600,5.900222,0.725989,2.193225,2.504227,0
126,2020-07-14,sh.601398,5.1900000000,5.2000000000,5.1300000000,5.1400000000,5.2100000000,463922048,2397441231.0000,2,0.172100,1,-1.343600,5.820948,0.716235,2.163758,2.470581,0
127,2020-07-15,sh.601398,5.1600000000,5.1800000000,5.0700000000,5.0800000000,5.1400000000,461149408,2355023798.0000,2,0.171000,1,-1.167300,5.753000,0.707874,2.138500,2.441741,0
128,2020-07-16,sh.601398,5.0800000000,5.1300000000,5.0500000000,5.0600000000,5.0800000000,492285808,2505984420.0000,2,0.182600,1,-0.393700,5.730350,0.705087,2.130081,2.432128,0
129,2020-07-17,sh.601398,5.0600000000,5.0800000000,5.0300000000,5.0600000000,5.0600000000,297529792,1504161297.0000,2,0.110400,1,0.000000,5.730350,0.705087,2.130081,2.432128,0
130,2020-07-20,sh.601398,5.0700000000,5.1400000000,5.0500000000,5.1300000000,5.0600000000,386592368,1974500422.0000,2,0.143400,1,1.383400,5.809624,0.714841,2.159548,2.465774,0
131,2020-07-21,sh.601398,5.1300000000,5.1400000000,5.0900000000,5.1000000000,5.1300000000,226253759,1154453551.2900,2,0.083900,1,-0.584800,5.775649,0.710661,2.146919,2.451354,0
132,2020-07-22,sh.601398,5.1000000000,5.1400000000,5.0700000000,5.0900000000,5.1000000000,292661104,1493366737.4100,2,0.108500,1,-0.196100,5.764324,0.709267,2.142709,2.446548,0
133,2020-07-23,sh.601398,5.0700000000,5.0800000000,5.0200000000,5.0300000000,5.0900000000,375136560,1890158446.4300,2,0.139100,1,-1.178800,5.696376,0.700907,2.117452,2.417708,0
134,2020-07-24,sh.601398,5.0300000000,5.0300000000,4.9600000000,4.9800000000,5.0300000000,363761008,1817042791.3900,2,0.134900,1,-0.994000,5.639752,0.693939,2.096403,2.393675,0
135,2020-07-27,sh.601398,4.9800000000,5.0000000000,4.9500000000,4.9700000000,4.9800000000,217634490,1082016313.9100,2,0.080700,1,-0.200800,5.628427,0.692546,2.092194,2.388869,0
136,2020-07-28,sh.601398,4.9900000000,5.0000000000,4.9600000000,4.9800000000,4.9700000000,174844591,870345478.1200,2,0.064900,1,0.201200,5.639752,0.693939,2.096403,2.393675,0
137,2020-07-29,sh.601398,4.9700000000,5.0200000000,4.9300000000,5.0200000000,4.9800000000,275856672,1375574099.2300,2,0.102300,1,0.803200,5.685051,0.699513,2.113242,2.412902,0
138,2020-07-30,sh.601398,5.0200000000,5.0200000000,4.9800000000,4.9800000000,5.0200000000,153782861,768439793.2700,2,0.057000,1,-0.796800,5.639752,0.693939,2.096403,2.393675,0
139,2020-07-31,sh.601398,4.9800000000,5.0100000000,4.9500000000,4.9600000000,4.9800000000,254967287,1268345180.2000,2,0.094600,1,-0.401600,5.617102,0.691152,2.087984,2.384062,0
140,2020-08-03,sh.601398,4.9800000000,5.0000000000,4.9600000000,4.9800000000,4.9600000000,244686781,1217707579.5000,2,0.090800,1,0.403200,5.639752,0.693939,2.096403,2.393675,0
141,2020-08-04,sh.601398,4.9900000000,5.0700000000,4.9700000000,5.0500000000,4.9800000000,401220464,2015491477.6400,2,0.148800,1,1.405600,5.719025,0.703693,2.125871,2.427321,0
142,2020-08-05,sh.601398,5.0200000000,5.0300000000,4.9900000000,5.0000000000,5.0500000000,205232006,1027991586.4000,2,0.076100,1,-0.990100,5.662401,0.696726,2.104823,2.403289,0
143,2020-08-06,sh.601398,5.0100000000,5.0300000000,4.9800000000,5.0200000000,5.0000000000,209927052,1049299499.2500,2,0.077900,1,0.400000,5.685051,0.699513,2.113242,2.412902,0
144,2020-08-07,sh.601398,5.0100000000,5.0100000000,4.9700000000,4.9800000000,5.0200000000,192143281,957716707.8600,2,0.071300,1,-0.796800,5.639752,0.693939,2.096403,2.393675,0
145,2020-08-10,sh.601398,4.9700000000,5.0000000000,4.9600000000,4.9900000000,4.9800000000,200986917,1001722874.7500,2,0.074500,1,0.200800,5.651076,0.695333,2.100613,2.398482,0
146,2020-08-11,sh.601398,4.9800000000,5.0200000000,4.9700000000,4.9800000000,4.9900000000,276724560,1383596404.4800,2,0.102600,1,-0.200400,5.639752,0.693939,2.096403,2.393675,0
147,2020-08-12,sh.601398,4.9700000000,4.9900000000,4.9600000000,4.9900000000,4.9800000000,225612404,1121910726.6900,2,0.083700,1,0.200800,5.651076,0.695333,2.100613,2.398482,0
148,2020-08-13,sh.601398,4.9800000000,5.0000000000,4.9700000000,4.9800000000,4.9900000000,116382932,580121566.5700,2,0.043200,1,-0.200400,5.639752,0.693939,2.096403,2.393675,0
149,2020-08-14,sh.601398,4.9800000000,5.0200000000,4.9700000000,5.0200000000,4.9800000000,208584453,1042149479.8500,2,0.077400,1,0.803200,5.685051,0.699513,2.113242,2.412902,0
150,2020-08-17,sh.601398,5.0200000000,5.1100000000,5.0200000000,5.0900000000,5.0200000000,548693328,2783708791.1600,2,0.203500,1,1.394400,5.764324,0.709267,2.142709,2.446548,0
151,2020-08-18,sh.601398,5.0900000000,5.0900000000,5.0400000000,5.0500000000,5.0900000000,237195504,1199875631.3700,2,0.088000,1,-0.785900,5.719025,0.703693,2.125871,2.427321,0
152,2020-08-19,sh.601398,5.0600000000,5.0700000000,5.0300000000,5.0300000000,5.0500000000,163005140,821836841.4300,2,0.060500,1,-0.396000,5.696376,0.700907,2.117452,2.417708,0
153,2020-08-20,sh.601398,5.0200000000,5.0300000000,4.9900000000,5.0000000000,5.0300000000,164245323,821731215.3500,2,0.060900,1,-0.596400,5.662401,0.696726,2.104823,2.403289,0
154,2020-08-21,sh.601398,5.0100000000,5.0200000000,4.9900000000,5.0100000000,5.0000000000,130184483,651086296.0300,2,0.048300,1,0.200000,5.673726,0.698120,2.109032,2.408095,0
155,2020-08-24,sh.601398,5.0100000000,5.0200000000,4.9900000000,4.9900000000,5.0100000000,120078607,600551218.0400,2,0.044500,1,-0.399200,5.651076,0.695333,2.100613,2.398482,0
156,2020-08-25,sh.601398,5.0000000000,5.0100000000,4.9800000000,5.0000000000,4.9900000000,154898745,773465195.4900,2,0.057500,1,0.200400,5.662401,0.696726,2.104823,2.403289,0
157,2020-08-26,sh.601398,5.0000000000,5.0000000000,4.9700000000,4.9800000000,5.0000000000,151462246,754742688.5400,2,0.056200,1,-0.400000,5.639752,0.693939,2.096403,2.393675,0
158,2020-08-27,sh.601398,4.9800000000,4.9800000000,4.9600000000,4.9700000000,4.9800000000,141665658,703831744.5900,2,0.052500,1,-0.200800,5.628427,0.692546,2.092194,2.388869,0
159,2020-08-28,sh.601398,4.9700000000,5.0100000000,4.9600000000,5.0000000000,4.9700000000,210367849,1048187711.3300,2,0.078000,1,0.603600,5.662401,0.696726,2.104823,2.403289,0
160,2020-08-31,sh.601398,4.9900000000,5.0100000000,4.9600000000,4.9600000000,5.0000000000,263148438,1312043185.8700,2,0.097600,1,-0.800000,6.031653,0.700183,2.053869,4.062553,0
161,2020-09-01,sh.601398,4.9600000000,4.9700000000,4.9400000000,4.9600000000,4.9600000000,156648375,776360132.3600,2,0.058100,1,0.000000,6.031653,0.700183,2.053869,4.062553,0
162,2020-09-02,sh.601398,4.9600000000,4.9600000000,4.9200000000,4.9200000000,4.9600000000,272900848,1345657209.6900,2,0.101200,1,-0.806500,5.983011,0.694536,2.037305,4.029790,0
163,2020-09-03,sh.601398,4.9200000000,4.9400000000,4.8900000000,4.9100000000,4.9200000000,183967179,903223967.5100,2,0.068200,1,-0.203300,5.970850,0.693124,2.033164,4.021599,0
164,2020-09-04,sh.601398,4.8900000000,4.9100000000,4.8800000000,4.9000000000,4.9100000000,140939398,689451433.4300,2,0.052300,1,-0.203700,5.958690,0.691713,2.029023,4.013409,0
165,2020-09-07,sh.601398,4.8900000000,4.9200000000,4.8800000000,4.9000000000,4.9000000000,152562738,748340492.6200,2,0.056600,1,0.000000,5.958690,0.691713,2.029023,4.013409,0
166,2020-09-08,sh.601398,4.9000000000,4.9600000000,4.8900000000,4.9500000000,4.9000000000,199548082,984987766.6900,2,0.074000,1,1.020400,6.019493,0.698771,2.049728,4.054362,0
167,2020-09-09,sh.601398,4.9300000000,4.9500000000,4.9200000000,4.9400000000,4.9500000000,161334069,796614938.4100,2,0.059800,1,-0.202000,6.007332,0.697359,2.045587,4.046171,0
168,2020-09-10,sh.601398,4.9400000000,4.9500000000,4.9000000000,4.9100000000,4.9400000000,144437836,710761036.2700,2,0.053600,1,-0.607300,5.970850,0.693124,2.033164,4.021599,0
169,2020-09-11,sh.601398,4.9000000000,4.9500000000,4.9000000000,4.9300000000,4.9100000000,149430213,735936770.8400,2,0.055400,1,0.407300,5.995171,0.695948,2.041446,4.037981,0
170,2020-09-14,sh.601398,4.9300000000,4.9400000000,4.9100000000,4.9300000000,4.9300000000,102757121,505351325.9600,2,0.038100,1,0.000000,5.995171,0.695948,2.041446,4.037981,0
171,2020-09-15,sh.601398,4.9200000000,4.9300000000,4.9100000000,4.9200000000,4.9300000000,82808103,407040417.3900,2,0.030700,1,-0.202800,5.983011,0.694536,2.037305,4.029790,0
172,2020-09-16,sh.601398,4.9200000000,4.9400000000,4.9000000000,4.9400000000,4.9200000000,107615627,530226171.8300,2,0.039900,1,0.406500,6.007332,0.697359,2.045587,4.046171,0
173,2020-09-17,sh.601398,4.9400000000,4.9500000000,4.9200000000,4.9400000000,4.9400000000,120886368,596571628.2000,2,0.044800,1,0.000000,6.007332,0.697359,2.045587,4.046171,0
174,2020-09-18,sh.601398,4.9500000000,4.9800000000,4.9300000000,4.9800000000,4.9400000000,260734428,1293690927.1400,2,0.096700,1,0.809700,6.055974,0.703006,2.062150,4.078934,0
175,2020-09-21,sh.601398,4.9700000000,4.9900000000,4.9400000000,4.9600000000,4.9800000000,121766522,604081552.3900,2,0.045200,1,-0.401600,6.031653,0.700183,2.053869,4.062553,0
176,2020-09-22,sh.601398,4.9500000000,4.9600000000,4.9200000000,4.9300000000,4.9600000000,109705020,542057883.7100,2,0.040700,1,-0.604800,5.995171,0.695948,2.041446,4.037981,0
177,2020-09-23,sh.601398,4.9300000000,4.9400000000,4.9100000000,4.9200000000,4.9300000000,100583616,495260687.9500,2,0.037300,1,-0.202800,5.983011,0.694536,2.037305,4.029790,0
178,2020-09-24,sh.601398,4.9100000000,4.9200000000,4.8800000000,4.9000000000,4.9200000000,126596512,619885383.5600,2,0.047000,1,-0.406500,5.958690,0.691713,2.029023,4.013409,0
179,2020-09-25,sh.601398,4.9000000000,4.9100000000,4.8800000000,4.8900000000,4.9000000000,108001750,528791476.5300,2,0.040100,1,-0.204100,5.946529,0.690301,2.024883,4.005218,0
180,2020-09-28,sh.601398,4.9000000000,4.9400000000,4.8800000000,4.9400000000,4.8900000000,163464701,803113058.9900,2,0.060600,1,1.022500,6.007332,0.697359,2.045587,4.046171,0
181,2020-09-29,sh.601398,4.9400000000,4.9500000000,4.9100000000,4.9100000000,4.9400000000,115613449,570003173.0700,2,0.042900,1,-0.607300,5.970850,0.693124,2.033164,4.021599,0
182,2020-09-30,sh.601398,4.9200000000,4.9500000000,4.9100000000,4.9200000000,4.9100000000,151234271,745278041.8400,2,0.056100,1,0.203700,5.983011,0.694536,2.037305,4.029790,0
183,2020-10-09,sh.601398,4.9400000000,4.9400000000,4.9100000000,4.9100000000,4.9200000000,128998422,635218844.3500,2,0.047800,1,-0.203300,5.970850,0.693124,2.033164,4.021599,0
184,2020-10-12,sh.601398,4.9200000000,4.9700000000,4.9100000000,4.9600000000,4.9100000000,252543847,1248536339.3600,2,0.093700,1,1.018300,6.031653,0.700183,2.053869,4.062553,0
185,2020-10-13,sh.601398,4.9500000000,4.9600000000,4.9100000000,4.9200000000,4.9600000000,167433669,825268306.2700,2,0.062100,1,-0.806500,5.983011,0.694536,2.037305,4.029790,0
186,2020-10-14,sh.601398,4.9200000000,4.9300000000,4.9100000000,4.9200000000,4.9200000000,140848926,692484410.0900,2,0.052200,1,0.000000,5.983011,0.694536,2.037305,4.029790,0
187,2020-10-15,sh.601398,4.9200000000,4.9500000000,4.9000000000,4.9300000000,4.9200000000,201150932,992203997.1100,2,0.074600,1,0.203300,5.995171,0.695948,2.041446,4.037981,0
188,2020-10-16,sh.601398,4.9200000000,5.0200000000,4.9200000000,4.9900000000,4.9300000000,500955760,2496968033.8700,2,0.185800,1,1.217000,6.068135,0.704418,2.066291,4.087124,0
189,2020-10-19,sh.601398,4.9900000000,5.0800000000,4.9800000000,5.0200000000,4.9900000000,345816272,1741740680.0500,2,0.128300,1,0.601200,6.104617,0.708653,2.078714,4.111696,0
190,2020-10-20,sh.601398,5.0100000000,5.0100000000,4.9500000000,4.9800000000,5.0200000000,240689629,1197285747.7100,2,0.089300,1,-0.796800,6.055974,0.703006,2.062150,4.078934,0
191,2020-10-21,sh.601398,4.9800000000,5.0700000000,4.9500000000,5.0500000000,4.9800000000,325876176,1637539375.1700,2,0.120900,1,1.405600,6.141099,0.712888,2.091136,4.136268,0
192,2020-10-22,sh.601398,5.0500000000,5.0700000000,5.0200000000,5.0600000000,5.0500000000,191063454,963485740.6500,2,0.070900,1,0.198000,6.153259,0.714299,2.095277,4.144459,0
193,2020-10-23,sh.601398,5.0500000000,5.0800000000,5.0300000000,5.0600000000,5.0600000000,235615563,1193368823.8700,2,0.087400,1,0.000000,6.153259,0.714299,2.095277,4.144459,0
194,2020-10-26,sh.601398,5.0600000000,5.0700000000,5.0100000000,5.0200000000,5.0600000000,179783563,905802520.8900,2,0.066700,1,-0.790500,6.104617,0.708653,2.078714,4.111696,0
195,2020-10-27,sh.601398,5.0100000000,5.0400000000,5.0000000000,5.0300000000,5.0200000000,159795896,801971542.3400,2,0.059300,1,0.199200,6.116777,0.710064,2.082855,4.119887,0
196,2020-10-28,sh.601398,5.0200000000,5.0300000000,4.9800000000,5.0000000000,5.0300000000,182063873,910381917.1200,2,0.067500,1,-0.596400,6.080296,0.705829,2.070432,4.095315,0
197,2020-10-29,sh.601398,4.9800000000,4.9900000000,4.9500000000,4.9600000000,5.0000000000,167446150,831255142.6700,2,0.062100,1,-0.800000,6.031653,0.700183,2.053869,4.062553,0
198,2020-10-30,sh.601398,4.9600000000,4.9800000000,4.9100000000,4.9200000000,4.9600000000,210764327,1040631798.7100,2,0.078200,1,-0.806500,5.983011,0.694536,2.037305,4.029790,0
199,2020-11-02,sh.601398,4.9200000000,4.9500000000,4.9100000000,4.9400000000,4.9200000000,157226709,775279271.8700,2,0.058300,1,0.406500,6.088264,0.682300,2.014666,-75.785421,0
200,2020-11-03,sh.601398,4.9500000000,4.9800000000,4.9400000000,4.9500000000,4.9400000000,135357406,671170595.7400,2,0.050200,1,0.202400,6.100589,0.683681,2.018744,-75.938833,0
201,2020-11-04,sh.601398,4.9700000000,4.9800000000,4.9300000000,4.9500000000,4.9500000000,146498496,726041150.6100,2,0.054300,1,0.000000,6.100589,0.683681,2.018744,-75.938833,0
202,2020-11-05,sh.601398,4.9700000000,4.9900000000,4.9400000000,4.9500000000,4.9500000000,163734975,811620261.6200,2,0.060700,1,0.000000,6.100589,0.683681,2.018744,-75.938833,0
203,2020-11-06,sh.601398,4.9500000000,4.9800000000,4.9300000000,4.9600000000,4.9500000000,165958743,822468060.3400,2,0.061600,1,0.202000,6.112913,0.685062,2.022823,-76.092245,0
204,2020-11-09,sh.601398,4.9700000000,4.9900000000,4.9600000000,4.9800000000,4.9600000000,225602124,1122494987.0700,2,0.083700,1,0.403200,6.137562,0.687824,2.030979,-76.399069,0
205,2020-11-10,sh.601398,5.0100000000,5.0500000000,5.0000000000,5.0200000000,4.9800000000,259168387,1300974712.9900,2,0.096100,1,0.803200,6.186860,0.693349,2.047292,-77.012716,0
206,2020-11-11,sh.601398,5.0100000000,5.0800000000,5.0000000000,5.0700000000,5.0200000000,309611504,1564938518.3900,2,0.114800,1,0.996000,6.248482,0.700255,2.067684,-77.779775,0
207,2020-11-12,sh.601398,5.0600000000,5.0600000000,5.0100000000,5.0100000000,5.0700000000,139875220,702982494.7500,2,0.051900,1,-1.183400,6.174535,0.691968,2.043214,-76.859304,0
208,2020-11-13,sh.601398,5.0100000000,5.0100000000,4.9500000000,4.9600000000,5.0100000000,192265408,955481766.1000,2,0.071300,1,-0.998000,6.112913,0.685062,2.022823,-76.092245,0
209,2020-11-16,sh.601398,4.9700000000,4.9900000000,4.9600000000,4.9800000000,4.9600000000,128241596,637821655.3700,2,0.047600,1,0.403200,6.137562,0.687824,2.030979,-76.399069,0
210,2020-11-17,sh.601398,4.9800000000,5.0000000000,4.9700000000,5.0000000000,4.9800000000,122033280,608551313.8600,2,0.045300,1,0.401600,6.162211,0.690587,2.039136,-76.705892,0
211,2020-11-18,sh.601398,5.0000000000,5.0500000000,4.9800000000,5.0300000000,5.0000000000,193561819,972693581.9000,2,0.071800,1,0.600000,6.199184,0.694730,2.051371,-77.166127,0
212,2020-11-19,sh.601398,5.0200000000,5.0500000000,5.0200000000,5.0400000000,5.0300000000,154569394,778151976.8200,2,0.057300,1,0.198800,6.211509,0.696111,2.055449,-77.319539,0
213,2020-11-20,sh.601398,5.0500000000,5.0600000000,5.0100000000,5.0300000000,5.0400000000,126572054,636625580.1700,2,0.046900,1,-0.198400,6.199184,0.694730,2.051371,-77.166127,0
214,2020-11-23,sh.601398,5.0100000000,5.0800000000,5.0100000000,5.0700000000,5.0300000000,282580048,1428218315.6200,2,0.104800,1,0.795200,6.248482,0.700255,2.067684,-77.779775,0
215,2020-11-24,sh.601398,5.0700000000,5.0900000000,5.0500000000,5.0500000000,5.0700000000,189318043,959879196.8500,2,0.070200,1,-0.394500,6.223833,0.697493,2.059527,-77.472951,0
216,2020-11-25,sh.601398,5.0800000000,5.1100000000,5.0400000000,5.0400000000,5.0500000000,200292965,1017147724.1400,2,0.074300,1,-0.198000,6.211509,0.696111,2.055449,-77.319539,0
217,2020-11-26,sh.601398,5.0400000000,5.1000000000,5.0300000000,5.0900000000,5.0400000000,197392278,1002567141.7000,2,0.073200,1,0.992100,6.273131,0.703017,2.075840,-78.086598,0
218,2020-11-27,sh.601398,5.1100000000,5.3900000000,5.1100000000,5.3900000000,5.0900000000,929749520,4879296143.5800,2,0.344800,1,5.893900,6.642863,0.744452,2.198188,-82.688952,0
219,2020-11-30,sh.601398,5.4600000000,5.6400000000,5.3100000000,5.3200000000,5.3900000000,1245663648,6850764187.3600,2,0.462000,1,-1.298700,6.556592,0.734784,2.169640,-81.615069,0
220,2020-12-01,sh.601398,5.3100000000,5.5000000000,5.2800000000,5.4700000000,5.3200000000,530373632,2868661472.6300,2,0.196700,1,2.819500,6.741459,0.755502,2.230814,-83.916246,0
221,2020-12-02,sh.601398,5.4400000000,5.5300000000,5.3500000000,5.4500000000,5.4700000000,351809632,1915490212.4700,2,0.130500,1,-0.365600,6.716810,0.752739,2.222658,-83.609422,0
222,2020-12-03,sh.601398,5.4500000000,5.4800000000,5.3400000000,5.3800000000,5.4500000000,278801936,1502313597.8900,2,0.103400,1,-1.284400,6.630539,0.743071,2.194110,-82.535540,0
223,2020-12-04,sh.601398,5.3800000000,5.3800000000,5.2200000000,5.3100000000,5.3800000000,330280496,1743943249.6900,2,0.122500,1,-1.301100,6.544268,0.733403,2.165562,-81.461657,0
224,2020-12-07,sh.601398,5.2900000000,5.3300000000,5.1700000000,5.1900000000,5.3100000000,275402304,1438818983.4400,2,0.102100,1,-2.259900,6.396375,0.716829,2.116623,-79.620716,0
225,2020-12-08,sh.601398,5.1900000000,5.2200000000,5.1100000000,5.1200000000,5.1900000000,266106433,1368985713.8900,2,0.098700,1,-1.348700,6.310104,0.707161,2.088075,-78.546834,0
226,2020-12-09,sh.601398,5.1400000000,5.1600000000,5.0900000000,5.1000000000,5.1200000000,243722631,1248006371.9700,2,0.090400,1,-0.390600,6.285455,0.704398,2.079918,-78.240010,0
227,2020-12-10,sh.601398,5.1000000000,5.1100000000,5.0400000000,5.0600000000,5.1000000000,259472652,1313829151.7200,2,0.096200,1,-0.784300,6.236157,0.698874,2.063605,-77.626363,0
228,2020-12-11,sh.601398,5.0600000000,5.0800000000,5.0200000000,5.0800000000,5.0600000000,279273264,1408322766.0100,2,0.103600,1,0.395300,6.260806,0.701636,2.071762,-77.933186,0
229,2020-12-14,sh.601398,5.0700000000,5.0900000000,5.0300000000,5.0500000000,5.0800000000,272105952,1375565025.5200,2,0.100900,1,-0.590600,6.223833,0.697493,2.059527,-77.472951,0
230,2020-12-15,sh.601398,5.0500000000,5.0500000000,4.9800000000,5.0100000000,5.0500000000,340751824,1703696312.7600,2,0.126400,1,-0.792100,6.174535,0.691968,2.043214,-76.859304,0
231,2020-12-16,sh.601398,5.0100000000,5.0500000000,4.9900000000,5.0000000000,5.0100000000,266067496,1333083487.3600,2,0.098700,1,-0.199600,6.162211,0.690587,2.039136,-76.705892,0
232,2020-12-17,sh.601398,5.0000000000,5.0400000000,4.9600000000,5.0300000000,5.0000000000,331127872,1653433805.2300,2,0.122800,1,0.600000,6.199184,0.694730,2.051371,-77.166127,0
233,2020-12-18,sh.601398,5.0100000000,5.0300000000,4.9800000000,5.0000000000,5.0300000000,219772170,1098952027.5900,2,0.081500,1,-0.596400,6.162211,0.690587,2.039136,-76.705892,0
234,2020-12-21,sh.601398,5.0100000000,5.0200000000,4.9800000000,5.0000000000,5.0000000000,205828822,1029138053.1300,2,0.076300,1,0.000000,6.162211,0.690587,2.039136,-76.705892,0
235,2020-12-22,sh.601398,4.9900000000,5.0000000000,4.9200000000,4.9400000000,5.0000000000,365749392,1813673039.7900,2,0.135700,1,-1.200000,6.088264,0.682300,2.014666,-75.785421,0
236,2020-12-23,sh.601398,4.9400000000,4.9700000000,4.9300000000,4.9600000000,4.9400000000,219146383,1083275738.1400,2,0.081300,1,0.404900,6.112913,0.685062,2.022823,-76.092245,0
237,2020-12-24,sh.601398,4.9600000000,4.9800000000,4.9400000000,4.9600000000,4.9600000000,122262763,606453338.2700,2,0.045300,1,0.000000,6.112913,0.685062,2.022823,-76.092245,0
238,2020-12-25,sh.601398,4.9600000000,4.9700000000,4.9500000000,4.9700000000,4.9600000000,153283872,760124136.9900,2,0.056900,1,0.201600,6.125238,0.686443,2.026901,-76.245657,0
239,2020-12-28,sh.601398,4.9600000000,4.9700000000,4.9300000000,4.9700000000,4.9700000000,231926812,1148788802.4200,2,0.086000,1,0.000000,6.125238,0.686443,2.026901,-76.245657,0
240,2020-12-29,sh.601398,4.9700000000,4.9800000000,4.9500000000,4.9800000000,4.9700000000,254202319,1262344537.8900,2,0.094300,1,0.201200,6.137562,0.687824,2.030979,-76.399069,0
241,2020-12-30,sh.601398,4.9700000000,4.9800000000,4.9400000000,4.9600000000,4.9800000000,254078489,1258737038.7000,2,0.094200,1,-0.401600,6.112913,0.685062,2.022823,-76.092245,0
242,2020-12-31,sh.601398,4.9500000000,5.0100000000,4.9500000000,4.9900000000,4.9600000000,310003984,1545155692.3000,2,0.115000,1,0.604800,6.149886,0.689206,2.035057,-76.552480,0
